{"cameraMode":{"drawMode":0,"name":"Shaded","section":"Shading Mode"},"sceneLighting":true,"audioPlay":false,"sceneViewState":{"showFog":true,"showMaterialUpdate":false,"showSkybox":true,"showFlares":true,"showImageEffects":true,"showParticleSystems":true,"showVisualEffectGraphs":true,"m_FxEnabled":true},"in2DMode":false,"pivot":{"x":0.3993430733680725,"y":2.7124476432800295,"z":-0.7018234729766846},"rotation":{"x":0.05503178387880325,"y":0.12547339498996736,"z":-0.006970936432480812,"w":0.9905452132225037},"size":16.19245719909668,"orthographic":false}